{
  "model_name": "EnsembleModel",
  "n_folds": 5,
  "n_samples": 1000,
  "random_seed": 42,
  "created_at": "2025-08-31T13:36:50.821252",
  "summary_results": {
    "MAE": {
      "mean": 0.013149484729763497,
      "std": 0.013292161674359529,
      "min": 0.005603908023304618,
      "max": 0.03969603962539881
    },
    "RMSE": {
      "mean": 0.09986566254758694,
      "std": 0.1821796799505163,
      "min": 0.007545717741522714,
      "max": 0.46422094471514774
    },
    "R2": {
      "mean": 0.644341585417788,
      "std": 0.7099917168265601,
      "min": -0.7756417754909268,
      "max": 0.9995675062156759
    }
  }
}