{
  "model_name": "GradientBoosting",
  "n_folds": 5,
  "n_samples": 1000,
  "group_key": "hashpatientid",
  "random_seed": 42,
  "created_at": "2025-08-30T15:11:59.673555",
  "summary_statistics": {
    "MAE": {
      "mean": 24.15549947596826,
      "std": 2.9674338325195926,
      "min": 21.152346121858326,
      "max": 29.1921369830362
    },
    "RMSE": {
      "mean": 34.50278544192383,
      "std": 5.716608793678991,
      "min": 28.478853996930514,
      "max": 43.38567770750669
    },
    "R2": {
      "mean": 0.032082402005923064,
      "std": 0.05837809893788478,
      "min": -0.0426847846892533,
      "max": 0.12686679347040386
    }
  }
}