{
  "model_name": "LinearRegression",
  "n_folds": 5,
  "n_samples": 5240,
  "group_key": "hashpatientid",
  "random_seed": 42,
  "created_at": "2025-08-30T15:02:43.549786",
  "summary_statistics": {
    "MAE": {
      "mean": 23.520142381311008,
      "std": 1.235935089365077,
      "min": 21.902447867044728,
      "max": 25.18499908021823
    },
    "RMSE": {
      "mean": 34.86487984770883,
      "std": 3.3890377847934534,
      "min": 31.54850921866411,
      "max": 40.74328514390013
    },
    "R2": {
      "mean": 0.0651463338905348,
      "std": 0.07773846835107351,
      "min": -0.08420674100058112,
      "max": 0.1356196742986835
    }
  }
}