{
  "model_name": "RandomForest",
  "n_folds": 5,
  "n_samples": 1000,
  "group_key": "hashpatientid",
  "random_seed": 42,
  "created_at": "2025-08-30T15:11:58.285269",
  "summary_statistics": {
    "MAE": {
      "mean": 24.294480190039337,
      "std": 2.628139078515675,
      "min": 21.51472432849435,
      "max": 28.383419210907515
    },
    "RMSE": {
      "mean": 34.38639303939338,
      "std": 5.127656603541918,
      "min": 28.809411833521043,
      "max": 41.98353479832265
    },
    "R2": {
      "mean": 0.03463498447466117,
      "std": 0.04500221265042564,
      "min": -0.005287710810660151,
      "max": 0.12078037797506469
    }
  }
}