{
  "model_name": "Ridge",
  "n_folds": 5,
  "n_samples": 1000,
  "group_key": "hashpatientid",
  "random_seed": 42,
  "created_at": "2025-08-30T15:11:55.606982",
  "summary_statistics": {
    "MAE": {
      "mean": 25.669584872990434,
      "std": 4.949503481750285,
      "min": 21.624638951643856,
      "max": 34.33854442059149
    },
    "RMSE": {
      "mean": 50.88117959334503,
      "std": 37.473072973565046,
      "min": 29.117488169746967,
      "max": 125.3032055154337
    },
    "R2": {
      "mean": -1.8057994732157854,
      "std": 3.805676766315225,
      "min": -9.415776578909135,
      "max": 0.20544464458238687
    }
  }
}